{
"(UTC-12:00) International Date Line West":"Dateline Standard Time" ,
"(UTC-11:00) Midway Island, Samoa":"Samoa Standard Time" ,
"(UTC-10:00) Hawaii":"Hawaiian Standard Time" ,
"(UTC-09:00) Alaska":"Alaskan Standard Time" ,
"(UTC-08:00) Pacific Time (US & Canada); Tijuana":"Pacific Standard Time" ,
"(UTC-08:00) Pacific Time (US and Canada); Tijuana":"Pacific Standard Time" ,
"(UTC-07:00) Mountain Time (US & Canada)":"Mountain Standard Time" ,
"(UTC-07:00) Mountain Time (US and Canada)":"Mountain Standard Time" ,
"(UTC-07:00) Chihuahua, La Paz, Mazatlan":"Mountain Standard Time (Mexico)" ,
"(UTC-07:00) Arizona":"US Mountain Standard Time" ,
"(UTC-06:00) Central Time (US & Canada)":"Central Standard Time" ,
"(UTC-06:00) Central Time (US and Canada)":"Central Standard Time" ,
"(UTC-06:00) Saskatchewan":"Canada Central Standard Time" ,
"(UTC-06:00) Guadalajara, Mexico City, Monterrey":"Central Standard Time (Mexico)" ,
"(UTC-06:00) Central America":"Central America Standard Time" ,
"(UTC-05:00) Eastern Time (US & Canada)":"Eastern Standard Time" ,
"(UTC-05:00) Eastern Time (US and Canada)":"Eastern Standard Time" ,
"(UTC-05:00) Indiana (East)":"US Eastern Standard Time" ,
"(UTC-05:00) Bogota, Lima, Quito":"SA Pacific Standard Time" ,
"(UTC-04:00) Atlantic Time (Canada)":"Atlantic Standard Time" ,
"(UTC-04:00) Georgetown, La Paz, San Juan":"SA Western Standard Time" ,
"(UTC-04:00) Santiago":"Pacific SA Standard Time" ,
"(UTC-03:30) Newfoundland":"Newfoundland Standard Time" ,
"(UTC-03:00) Brasilia":"E. South America Standard Time" ,
"(UTC-03:00) Georgetown":"SA Eastern Standard Time" ,
"(UTC-03:00) Greenland":"Greenland Standard Time" ,
"(UTC-02:00) Mid-Atlantic":"UTC-02" ,
"(UTC-01:00) Azores":"Azores Standard Time" ,
"(UTC-01:00) Cape Verde Islands":"Cape Verde Standard Time" ,
"(UTC) Greenwich Mean Time: Dublin, Edinburgh, Lisbon, London":"GMT Standard Time" ,
"(UTC) Monrovia, Reykjavik":"Greenwich Standard Time" ,
"(UTC+01:00) Belgrade, Bratislava, Budapest, Ljubljana, Prague":"Central Europe Standard Time" ,
"(UTC+01:00) Sarajevo, Skopje, Warsaw, Zagreb":"Central European Standard Time" ,
"(UTC+01:00) Brussels, Copenhagen, Madrid, Paris":"Romance Standard Time" ,
"(UTC+01:00) Amsterdam, Berlin, Bern, Rome, Stockholm, Vienna":"W. Europe Standard Time" ,
"(UTC+01:00) West Central Africa":"W. Central Africa Standard Time" ,
"(UTC+02:00) Minsk":"E. Europe Standard Time" ,
"(UTC+02:00) Cairo":"Egypt Standard Time" ,
"(UTC+02:00) Helsinki, Kiev, Riga, Sofia, Tallinn, Vilnius":"FLE Standard Time" ,
"(UTC+02:00) Athens, Bucharest, Istanbul":"GTB Standard Time" ,
"(UTC+02:00) Jerusalem":"Israel Standard Time" ,
"(UTC+02:00) Harare, Pretoria":"South Africa Standard Time" ,
"(UTC+03:00) Moscow, St. Petersburg, Volgograd":"Russian Standard Time" ,
"(UTC+03:00) Kuwait, Riyadh":"Arab Standard Time" ,
"(UTC+03:00) Nairobi":"E. Africa Standard Time" ,
"(UTC+03:00) Baghdad":"Arabic Standard Time" ,
"(UTC+03:30) Tehran":"Iran Standard Time" ,
"(UTC+04:00) Abu Dhabi, Muscat":"Arabian Standard Time" ,
"(UTC+04:00) Baku, Tbilisi, Yerevan":"Caucasus Standard Time" ,
"(UTC+04:30) Kabul":"Afghanistan Standard Time" ,
"(UTC+05:00) Ekaterinburg":"Ekaterinburg Standard Time" ,
"(UTC+05:00) Tashkent":"West Asia Standard Time" ,
"(UTC+05:30) Chennai, Kolkata, Mumbai, New Delhi":"India Standard Time" ,
"(UTC+05:45) Kathmandu":"Nepal Standard Time" ,
"(UTC+06:00) Astana, Dhaka":"Central Asia Standard Time" ,
"(UTC+06:00) Sri Jayawardenepura":"Sri Lanka Standard Time" ,
"(UTC+06:00) Almaty, Novosibirsk":"N. Central Asia Standard Time" ,
"(UTC+06:30) Yangon (Rangoon)":"Myanmar Standard Time" ,
"(UTC+07:00) Bangkok, Hanoi, Jakarta":"SE Asia Standard Time" ,
"(UTC+07:00) Krasnoyarsk":"North Asia Standard Time" ,
"(UTC+08:00) Beijing, Chongqing, Hong Kong, Urumqi":"China Standard Time" ,
"(UTC+08:00) Kuala Lumpur, Singapore":"Singapore Standard Time" ,
"(UTC+08:00) Taipei":"Taipei Standard Time" ,
"(UTC+08:00) Perth":"W. Australia Standard Time" ,
"(UTC+08:00) Irkutsk, Ulaanbaatar":"North Asia East Standard Time" ,
"(UTC+09:00) Seoul":"Korea Standard Time" ,
"(UTC+09:00) Osaka, Sapporo, Tokyo":"Tokyo Standard Time" ,
"(UTC+09:00) Yakutsk":"Yakutsk Standard Time" ,
"(UTC+09:30) Darwin":"AUS Central Standard Time" ,
"(UTC+09:30) Adelaide":"Cen. Australia Standard Time" ,
"(UTC+10:00) Canberra, Melbourne, Sydney":"AUS Eastern Standard Time" ,
"(GMT+10:00) Canberra, Melbourne, Sydney":"AUS Eastern Standard Time" ,
"(UTC+10:00) Brisbane":"E. Australia Standard Time" ,
"(UTC+10:00) Hobart":"Tasmania Standard Time" ,
"(UTC+10:00) Vladivostok":"Vladivostok Standard Time" ,
"(UTC+10:00) Guam, Port Moresby":"West Pacific Standard Time" ,
"(UTC+11:00) Magadan, Solomon Islands, New Caledonia":"Central Pacific Standard Time" ,
"(UTC+12:00) Fiji, Kamchatka, Marshall Is.":"Fiji Standard Time" ,
"(UTC+12:00) Auckland, Wellington":"New Zealand Standard Time" ,
"(UTC+13:00) Nuku'alofa":"Tonga Standard Time" ,
"(UTC+04:00) Baku":"Azerbaijan Standard Time" ,
"(UTC+02:00) Beirut":"Middle East Standard Time" ,
"(UTC+02:00) Amman":"Jordan Standard Time" ,
"(UTC-06:00) Guadalajara, Mexico City, Monterrey - New":"Central Standard Time (Mexico)" ,
"(UTC-07:00) Chihuahua, La Paz, Mazatlan - New":"Mountain Standard Time (Mexico)" ,
"(UTC-08:00) Tijuana, Baja California":"Pacific Standard Time (Mexico)" ,
"(UTC+02:00) Windhoek":"Namibia Standard Time" ,
"(UTC+03:00) Tbilisi":"Georgian Standard Time" ,
"(UTC-04:00) Manaus":"Central Brazilian Standard Time" ,
"(UTC-03:00) Montevideo":"Montevideo Standard Time" ,
"(UTC+04:00) Yerevan":"Caucasus Standard Time" ,
"(UTC-04:30) Caracas":"Venezuela Standard Time" ,
"(UTC-03:00) Buenos Aires":"Argentina Standard Time" ,
"(UTC) Casablanca":"Morocco Standard Time" ,
"(UTC+05:00) Islamabad, Karachi":"Pakistan Standard Time" ,
"(UTC+04:00) Port Louis":"Mauritius Standard Time" ,
"(UTC) Coordinated Universal Time":"UTC" ,
"(UTC-04:00) Asuncion":"Paraguay Standard Time" ,
"(UTC+12:00) Petropavlovsk-Kamchatsky":"Russia Time Zone 11"
}